bucket,n,acc,avg_conf
0.0-0.1,0,,
0.1-0.2,0,,
0.2-0.3,0,,
0.3-0.4,0,,
0.4-0.5,0,,
0.5-0.6,346,0.5549132947976878,0.5542252704587286
0.6-0.7,430,0.5558139534883721,0.6569454326879146
0.7-0.8,562,0.7206405693950177,0.7495862180864259
0.8-0.9,660,0.8075757575757576,0.8568821906027468
0.9-1.0,2002,0.9270729270729271,0.9608167429314135
